{
    "name": "root",
    "gauges": {
        "CarControl.Policy.Entropy.mean": {
            "value": 0.6145333051681519,
            "min": 0.528704047203064,
            "max": 0.6555162072181702,
            "count": 10
        },
        "CarControl.Policy.Entropy.sum": {
            "value": 30773.369140625,
            "min": 26373.873046875,
            "max": 32947.5546875,
            "count": 10
        },
        "CarControl.Step.mean": {
            "value": 499962.0,
            "min": 49942.0,
            "max": 499962.0,
            "count": 10
        },
        "CarControl.Step.sum": {
            "value": 499962.0,
            "min": 49942.0,
            "max": 499962.0,
            "count": 10
        },
        "CarControl.Policy.ExtrinsicValueEstimate.mean": {
            "value": -3.762599229812622,
            "min": -5.51214599609375,
            "max": -1.8686801195144653,
            "count": 10
        },
        "CarControl.Policy.ExtrinsicValueEstimate.sum": {
            "value": -3021.3671875,
            "min": -4420.7412109375,
            "max": -1508.02490234375,
            "count": 10
        },
        "CarControl.Policy.GailValueEstimate.mean": {
            "value": 0.7810084223747253,
            "min": 0.6691235303878784,
            "max": 0.9076209664344788,
            "count": 10
        },
        "CarControl.Policy.GailValueEstimate.sum": {
            "value": 627.1497802734375,
            "min": 535.298828125,
            "max": 719.743408203125,
            "count": 10
        },
        "CarControl.Environment.EpisodeLength.mean": {
            "value": 1058.25,
            "min": 1058.25,
            "max": 1894.2,
            "count": 10
        },
        "CarControl.Environment.EpisodeLength.sum": {
            "value": 50796.0,
            "min": 41490.0,
            "max": 56826.0,
            "count": 10
        },
        "CarControl.Environment.CumulativeReward.mean": {
            "value": -34.10736373987553,
            "min": -91.49151459115868,
            "max": -5.97182353047861,
            "count": 10
        },
        "CarControl.Environment.CumulativeReward.sum": {
            "value": -1637.1534595140256,
            "min": -2744.7454377347603,
            "max": -214.98564709722996,
            "count": 10
        },
        "CarControl.Policy.ExtrinsicReward.mean": {
            "value": -34.10736373987553,
            "min": -91.49151459115868,
            "max": -5.97182353047861,
            "count": 10
        },
        "CarControl.Policy.ExtrinsicReward.sum": {
            "value": -1637.1534595140256,
            "min": -2744.7454377347603,
            "max": -214.98564709722996,
            "count": 10
        },
        "CarControl.Policy.GailReward.mean": {
            "value": 9.487614943617224,
            "min": 9.487614943617224,
            "max": 15.55026250733945,
            "count": 10
        },
        "CarControl.Policy.GailReward.sum": {
            "value": 455.40551729362676,
            "min": 357.3832245441672,
            "max": 484.06756532715576,
            "count": 10
        },
        "CarControl.Losses.PolicyLoss.mean": {
            "value": 0.022535753393700963,
            "min": 0.02156005319751178,
            "max": 0.024764492826846736,
            "count": 10
        },
        "CarControl.Losses.PolicyLoss.sum": {
            "value": 0.11267876696850482,
            "min": 0.08624021279004712,
            "max": 0.12382246413423369,
            "count": 10
        },
        "CarControl.Losses.ValueLoss.mean": {
            "value": 5.304576384226481,
            "min": 3.7753896482785536,
            "max": 7.9166453003883355,
            "count": 10
        },
        "CarControl.Losses.ValueLoss.sum": {
            "value": 26.522881921132406,
            "min": 18.876948241392768,
            "max": 34.747908091545106,
            "count": 10
        },
        "CarControl.Policy.LearningRate.mean": {
            "value": 1.255593581472e-05,
            "min": 1.255593581472e-05,
            "max": 0.00028449660516779995,
            "count": 10
        },
        "CarControl.Policy.LearningRate.sum": {
            "value": 6.27796790736e-05,
            "min": 6.27796790736e-05,
            "max": 0.0012822468725843998,
            "count": 10
        },
        "CarControl.Policy.Epsilon.mean": {
            "value": 0.10418528,
            "min": 0.10418528,
            "max": 0.1948322,
            "count": 10
        },
        "CarControl.Policy.Epsilon.sum": {
            "value": 0.5209264,
            "min": 0.5209264,
            "max": 0.9274156000000002,
            "count": 10
        },
        "CarControl.Policy.Beta.mean": {
            "value": 0.000218845472,
            "min": 0.000218845472,
            "max": 0.00474212678,
            "count": 10
        },
        "CarControl.Policy.Beta.sum": {
            "value": 0.00109422736,
            "min": 0.00109422736,
            "max": 0.021378038440000004,
            "count": 10
        },
        "CarControl.Policy.GAILPolicyEstimate.mean": {
            "value": 0.1268822500606378,
            "min": 0.09915938653051853,
            "max": 0.1385174436494708,
            "count": 10
        },
        "CarControl.Policy.GAILPolicyEstimate.sum": {
            "value": 0.634411250303189,
            "min": 0.49579693265259267,
            "max": 0.634411250303189,
            "count": 10
        },
        "CarControl.Policy.GAILExpertEstimate.mean": {
            "value": 0.8853176224231719,
            "min": 0.8732491845885912,
            "max": 0.9018616771697998,
            "count": 10
        },
        "CarControl.Policy.GAILExpertEstimate.sum": {
            "value": 4.4265881121158595,
            "min": 3.492996738354365,
            "max": 4.509308385848999,
            "count": 10
        },
        "CarControl.Losses.GAILLoss.mean": {
            "value": 0.313857662876447,
            "min": 0.2611644785602888,
            "max": 0.3524000922838847,
            "count": 10
        },
        "CarControl.Losses.GAILLoss.sum": {
            "value": 1.5692883143822351,
            "min": 1.2858559270699819,
            "max": 1.5934993664423627,
            "count": 10
        },
        "CarControl.Policy.GAILGradMagLoss.mean": {
            "value": 0.03488331281890472,
            "min": 0.03066536953051885,
            "max": 0.04079046320791046,
            "count": 10
        },
        "CarControl.Policy.GAILGradMagLoss.sum": {
            "value": 0.1744165640945236,
            "min": 0.12837367225438356,
            "max": 0.1744165640945236,
            "count": 10
        },
        "CarControl.Losses.PretrainingLoss.mean": {
            "value": 0.37461677640676505,
            "min": 0.37461677640676505,
            "max": 0.3860816165804863,
            "count": 10
        },
        "CarControl.Losses.PretrainingLoss.sum": {
            "value": 1.8730838820338251,
            "min": 1.4992663115262985,
            "max": 1.9304080829024315,
            "count": 10
        },
        "CarControl.IsTraining.mean": {
            "value": 1.0,
            "min": 1.0,
            "max": 1.0,
            "count": 10
        },
        "CarControl.IsTraining.sum": {
            "value": 1.0,
            "min": 1.0,
            "max": 1.0,
            "count": 10
        }
    },
    "metadata": {
        "timer_format_version": "0.1.0",
        "start_time_seconds": "1763730597",
        "python_version": "3.9.0 (tags/v3.9.0:9cf6752, Oct  5 2020, 15:34:40) [MSC v.1927 64 bit (AMD64)]",
        "command_line_arguments": "G:\\Unity\\Projects\\Training\\venv\\Scripts\\mlagents-learn config/agent.yaml --initialize-from=R4 --run-id=R5 --force",
        "mlagents_version": "0.30.0",
        "mlagents_envs_version": "0.30.0",
        "communication_protocol_version": "1.5.0",
        "pytorch_version": "2.8.0+cpu",