{
    "name": "root",
    "gauges": {
        "CarControl.Policy.Entropy.mean": {
            "value": 0.806465744972229,
            "min": 0.7912944555282593,
            "max": 0.9773984551429749,
            "count": 10
        },
        "CarControl.Policy.Entropy.sum": {
            "value": 40389.41796875,
            "min": 39501.41796875,
            "max": 49167.05078125,
            "count": 10
        },
        "CarControl.Step.mean": {
            "value": 499994.0,
            "min": 49984.0,
            "max": 499994.0,
            "count": 10
        },
        "CarControl.Step.sum": {
            "value": 499994.0,
            "min": 49984.0,
            "max": 499994.0,
            "count": 10
        },
        "CarControl.Policy.ExtrinsicValueEstimate.mean": {
            "value": -7.655474662780762,
            "min": -8.270731925964355,
            "max": -7.542179107666016,
            "count": 10
        },
        "CarControl.Policy.ExtrinsicValueEstimate.sum": {
            "value": -6124.3798828125,
            "min": -6608.314453125,
            "max": -6033.7431640625,
            "count": 10
        },
        "CarControl.Policy.GailValueEstimate.mean": {
            "value": 20.457141876220703,
            "min": 20.204614639282227,
            "max": 23.26019287109375,
            "count": 10
        },
        "CarControl.Policy.GailValueEstimate.sum": {
            "value": 16365.712890625,
            "min": 16163.69140625,
            "max": 18584.89453125,
            "count": 10
        },
        "CarControl.Losses.PolicyLoss.mean": {
            "value": 0.025154841830953956,
            "min": 0.023338911867079634,
            "max": 0.026252345669393738,
            "count": 10
        },
        "CarControl.Losses.PolicyLoss.sum": {
            "value": 0.10061936732381582,
            "min": 0.09497281116200611,
            "max": 0.1312617283469687,
            "count": 10
        },
        "CarControl.Losses.ValueLoss.mean": {
            "value": 9.254205751419068,
            "min": 8.00107863108317,
            "max": 10.096333831151325,
            "count": 10
        },
        "CarControl.Losses.ValueLoss.sum": {
            "value": 37.01682300567627,
            "min": 33.86760977109273,
            "max": 50.48166915575663,
            "count": 10
        },
        "CarControl.Policy.LearningRate.mean": {
            "value": 1.4892695035800005e-05,
            "min": 1.4892695035800005e-05,
            "max": 0.00028436160521279997,
            "count": 10
        },
        "CarControl.Policy.LearningRate.sum": {
            "value": 5.957078014320002e-05,
            "min": 5.957078014320002e-05,
            "max": 0.0012806592731136,
            "count": 10
        },
        "CarControl.Policy.Epsilon.mean": {
            "value": 0.10496420000000002,
            "min": 0.10496420000000002,
            "max": 0.19478719999999997,
            "count": 10
        },
        "CarControl.Policy.Epsilon.sum": {
            "value": 0.4198568000000001,
            "min": 0.4198568000000001,
            "max": 0.9268863999999999,
            "count": 10
        },
        "CarControl.Policy.Beta.mean": {
            "value": 0.0002577135800000001,
            "min": 0.0002577135800000001,
            "max": 0.00473988128,
            "count": 10
        },
        "CarControl.Policy.Beta.sum": {
            "value": 0.0010308543200000003,
            "min": 0.0010308543200000003,
            "max": 0.021351631359999998,
            "count": 10
        },
        "CarControl.Policy.GAILPolicyEstimate.mean": {
            "value": 0.2607304096221924,
            "min": 0.2607304096221924,
            "max": 0.3280405926207701,
            "count": 10
        },
        "CarControl.Policy.GAILPolicyEstimate.sum": {
            "value": 1.0429216384887696,
            "min": 1.0429216384887696,
            "max": 1.5602661937475204,
            "count": 10
        },
        "CarControl.Policy.GAILExpertEstimate.mean": {
            "value": 0.7375028883417447,
            "min": 0.6937741284569104,
            "max": 0.7375028883417447,
            "count": 10
        },
        "CarControl.Policy.GAILExpertEstimate.sum": {
            "value": 2.950011553366979,
            "min": 2.7750965138276418,
            "max": 3.686023622751236,
            "count": 10
        },
        "CarControl.Losses.GAILLoss.mean": {
            "value": 0.7861873442927996,
            "min": 0.7861873442927996,
            "max": 0.9015978246927262,
            "count": 10
        },
        "CarControl.Losses.GAILLoss.sum": {
            "value": 3.1447493771711983,
            "min": 3.1447493771711983,
            "max": 4.341260828574498,
            "count": 10
        },
        "CarControl.Policy.GAILGradMagLoss.mean": {
            "value": 0.022379739411796135,
            "min": 0.022379739411796135,
            "max": 0.0434118336532265,
            "count": 10
        },
        "CarControl.Policy.GAILGradMagLoss.sum": {
            "value": 0.08951895764718454,
            "min": 0.08951895764718454,
            "max": 0.19534193115929763,
            "count": 10
        },
        "CarControl.Losses.PretrainingLoss.mean": {
            "value": 0.3840358869305679,
            "min": 0.3840358869305679,
            "max": 0.40421514390479957,
            "count": 10
        },
        "CarControl.Losses.PretrainingLoss.sum": {
            "value": 1.5361435477222716,
            "min": 1.5361435477222716,
            "max": 2.002554172561282,
            "count": 10
        },
        "CarControl.Environment.EpisodeLength.mean": {
            "value": 1964.92,
            "min": 1953.72,
            "max": 1999.0,
            "count": 10
        },
        "CarControl.Environment.EpisodeLength.sum": {
            "value": 49123.0,
            "min": 47976.0,
            "max": 55243.0,
            "count": 10
        },
        "CarControl.Environment.CumulativeReward.mean": {
            "value": -133.18991861328482,
            "min": -157.55999806538225,
            "max": -133.18991861328482,
            "count": 10
        },
        "CarControl.Environment.CumulativeReward.sum": {
            "value": -3329.7479653321207,
            "min": -4154.770951887593,
            "max": -3329.7479653321207,
            "count": 10
        },
        "CarControl.Policy.ExtrinsicReward.mean": {
            "value": -133.18991861328482,
            "min": -157.55999806538225,
            "max": -133.18991861328482,
            "count": 10
        },
        "CarControl.Policy.ExtrinsicReward.sum": {
            "value": -3329.7479653321207,
            "min": -4154.770951887593,
            "max": -3329.7479653321207,
            "count": 10
        },
        "CarControl.Policy.GailReward.mean": {
            "value": 413.6165998768806,
            "min": 413.6165998768806,
            "max": 482.80641415218514,
            "count": 10
        },
        "CarControl.Policy.GailReward.sum": {
            "value": 10340.414996922016,
            "min": 10340.414996922016,
            "max": 11712.433888733387,
            "count": 10
        },
        "CarControl.IsTraining.mean": {
            "value": 1.0,
            "min": 1.0,
            "max": 1.0,
            "count": 10
        },
        "CarControl.IsTraining.sum": {
            "value": 1.0,
            "min": 1.0,
            "max": 1.0,
            "count": 10
        }
    },
    "metadata": {
        "timer_format_version": "0.1.0",
        "start_time_seconds": "1761838927",
        "python_version": "3.9.0 (tags/v3.9.0:9cf6752, Oct  5 2020, 15:34:40) [MSC v.1927 64 bit (AMD64)]",
        "command_line_arguments": "G:\\Unity\\Projects\\Training\\venv\\Scripts\\mlagents-learn config/agent.yaml --run-id=IL2 --force --initialize-from=IL1",
        "mlagents_version": "0.30.0",
        "mlagents_envs_version": "0.30.0",