{
    "name": "root",
    "gauges": {
        "CarControl.Policy.Entropy.mean": {
            "value": 0.5993669033050537,
            "min": 0.532480001449585,
            "max": 0.5993669033050537,
            "count": 10
        },
        "CarControl.Policy.Entropy.sum": {
            "value": 29981.53125,
            "min": 26603.765625,
            "max": 29981.53125,
            "count": 10
        },
        "CarControl.Step.mean": {
            "value": 499965.0,
            "min": 49941.0,
            "max": 499965.0,
            "count": 10
        },
        "CarControl.Step.sum": {
            "value": 499965.0,
            "min": 49941.0,
            "max": 499965.0,
            "count": 10
        },
        "CarControl.Policy.ExtrinsicValueEstimate.mean": {
            "value": -20.122426986694336,
            "min": -29.317182540893555,
            "max": -20.122426986694336,
            "count": 10
        },
        "CarControl.Policy.ExtrinsicValueEstimate.sum": {
            "value": -16118.0634765625,
            "min": -23365.794921875,
            "max": -16118.0634765625,
            "count": 10
        },
        "CarControl.Policy.GailValueEstimate.mean": {
            "value": 1.0045713186264038,
            "min": 0.8002485036849976,
            "max": 2.048274517059326,
            "count": 10
        },
        "CarControl.Policy.GailValueEstimate.sum": {
            "value": 804.66162109375,
            "min": 639.3985595703125,
            "max": 1632.474853515625,
            "count": 10
        },
        "CarControl.Environment.EpisodeLength.mean": {
            "value": 1912.851851851852,
            "min": 1769.5357142857142,
            "max": 1919.5,
            "count": 10
        },
        "CarControl.Environment.EpisodeLength.sum": {
            "value": 51647.0,
            "min": 45885.0,
            "max": 52924.0,
            "count": 10
        },
        "CarControl.Environment.CumulativeReward.mean": {
            "value": -358.30195794599473,
            "min": -510.5912408634192,
            "max": -358.30195794599473,
            "count": 10
        },
        "CarControl.Environment.CumulativeReward.sum": {
            "value": -9674.152864541858,
            "min": -13785.96350331232,
            "max": -9674.152864541858,
            "count": 10
        },
        "CarControl.Policy.ExtrinsicReward.mean": {
            "value": -358.30195794599473,
            "min": -510.5912408634192,
            "max": -358.30195794599473,
            "count": 10
        },
        "CarControl.Policy.ExtrinsicReward.sum": {
            "value": -9674.152864541858,
            "min": -13785.96350331232,
            "max": -9674.152864541858,
            "count": 10
        },
        "CarControl.Policy.GailReward.mean": {
            "value": 21.988579380061925,
            "min": 21.6748289698574,
            "max": 26.388611352442812,
            "count": 10
        },
        "CarControl.Policy.GailReward.sum": {
            "value": 593.691643261672,
            "min": 521.141836175107,
            "max": 712.4925065159559,
            "count": 10
        },
        "CarControl.Losses.PolicyLoss.mean": {
            "value": 0.024908116144749026,
            "min": 0.021154953537431236,
            "max": 0.027852865075692533,
            "count": 10
        },
        "CarControl.Losses.PolicyLoss.sum": {
            "value": 0.12454058072374513,
            "min": 0.08461981414972494,
            "max": 0.13926432537846267,
            "count": 10
        },
        "CarControl.Losses.ValueLoss.mean": {
            "value": 14.705753180185955,
            "min": 14.705753180185955,
            "max": 19.067937429745992,
            "count": 10
        },
        "CarControl.Losses.ValueLoss.sum": {
            "value": 73.52876590092977,
            "min": 62.351729456583655,
            "max": 94.74459829330445,
            "count": 10
        },
        "CarControl.Policy.LearningRate.mean": {
            "value": 1.612833462392001e-05,
            "min": 1.612833462392001e-05,
            "max": 0.00028438740520419993,
            "count": 10
        },
        "CarControl.Policy.LearningRate.sum": {
            "value": 8.064167311960005e-05,
            "min": 8.064167311960005e-05,
            "max": 0.0012826080724639998,
            "count": 10
        },
        "CarControl.Policy.Epsilon.mean": {
            "value": 0.10537607999999998,
            "min": 0.10537607999999998,
            "max": 0.19479580000000002,
            "count": 10
        },
        "CarControl.Policy.Epsilon.sum": {
            "value": 0.5268803999999999,
            "min": 0.49950739999999993,
            "max": 0.927536,
            "count": 10
        },
        "CarControl.Policy.Beta.mean": {
            "value": 0.00027826639200000016,
            "min": 0.00027826639200000016,
            "max": 0.00474031042,
            "count": 10
        },
        "CarControl.Policy.Beta.sum": {
            "value": 0.0013913319600000007,
            "min": 0.0013913319600000007,
            "max": 0.021384046399999995,
            "count": 10
        },
        "CarControl.Policy.GAILPolicyEstimate.mean": {
            "value": 0.1216757703324159,
            "min": 0.11824958006540934,
            "max": 0.1542305091023445,
            "count": 10
        },
        "CarControl.Policy.GAILPolicyEstimate.sum": {
            "value": 0.6083788516620795,
            "min": 0.5071273612479369,
            "max": 0.7711525455117225,
            "count": 10
        },
        "CarControl.Policy.GAILExpertEstimate.mean": {
            "value": 0.8788499212265014,
            "min": 0.851917120218277,
            "max": 0.8837037928899129,
            "count": 10
        },
        "CarControl.Policy.GAILExpertEstimate.sum": {
            "value": 4.394249606132507,
            "min": 3.4847963949044547,
            "max": 4.418518964449564,
            "count": 10
        },
        "CarControl.Losses.GAILLoss.mean": {
            "value": 0.36399668494860327,
            "min": 0.348982137242953,
            "max": 0.45549139082431794,
            "count": 10
        },
        "CarControl.Losses.GAILLoss.sum": {
            "value": 1.8199834247430164,
            "min": 1.4898272305727003,
            "max": 2.2774569541215897,
            "count": 10
        },
        "CarControl.Policy.GAILGradMagLoss.mean": {
            "value": 0.019440364440282187,
            "min": 0.017365462177743513,
            "max": 0.024961697353670993,
            "count": 10
        },
        "CarControl.Policy.GAILGradMagLoss.sum": {
            "value": 0.09720182220141094,
            "min": 0.07202593594168624,
            "max": 0.12480848676835497,
            "count": 10
        },
        "CarControl.Losses.PretrainingLoss.mean": {
            "value": 0.3717160180211067,
            "min": 0.37075494478146237,
            "max": 0.379170668621858,
            "count": 10
        },
        "CarControl.Losses.PretrainingLoss.sum": {
            "value": 1.8585800901055336,
            "min": 1.4830197791258495,
            "max": 1.8958533431092899,
            "count": 10
        },
        "CarControl.IsTraining.mean": {
            "value": 1.0,
            "min": 1.0,
            "max": 1.0,
            "count": 10
        },
        "CarControl.IsTraining.sum": {
            "value": 1.0,
            "min": 1.0,
            "max": 1.0,
            "count": 10
        }
    },
    "metadata": {
        "timer_format_version": "0.1.0",
        "start_time_seconds": "1762320382",
        "python_version": "3.9.0 (tags/v3.9.0:9cf6752, Oct  5 2020, 15:34:40) [MSC v.1927 64 bit (AMD64)]",
        "command_line_arguments": "G:\\Unity\\Projects\\Training\\venv\\Scripts\\mlagents-learn config/agent.yaml --run-id=R2 --force --initialize-from=R1",
        "mlagents_version": "0.30.0",
        "mlagents_envs_version": "0.30.0",