{
    "name": "root",
    "gauges": {
        "CarControl.Policy.Entropy.mean": {
            "value": 1.1243137121200562,
            "min": 1.1243137121200562,
            "max": 1.7927122116088867,
            "count": 2
        },
        "CarControl.Policy.Entropy.sum": {
            "value": 56251.6640625,
            "min": 56251.6640625,
            "max": 89689.390625,
            "count": 2
        },
        "CarControl.Step.mean": {
            "value": 99998.0,
            "min": 49966.0,
            "max": 99998.0,
            "count": 2
        },
        "CarControl.Step.sum": {
            "value": 99998.0,
            "min": 49966.0,
            "max": 99998.0,
            "count": 2
        },
        "CarControl.Policy.ExtrinsicValueEstimate.mean": {
            "value": 1.8985962867736816,
            "min": -0.09138365834951401,
            "max": 1.8985962867736816,
            "count": 2
        },
        "CarControl.Policy.ExtrinsicValueEstimate.sum": {
            "value": 1573.936279296875,
            "min": -73.92938232421875,
            "max": 1573.936279296875,
            "count": 2
        },
        "CarControl.Policy.GailValueEstimate.mean": {
            "value": -0.005320343188941479,
            "min": -0.005320343188941479,
            "max": 0.0662563368678093,
            "count": 2
        },
        "CarControl.Policy.GailValueEstimate.sum": {
            "value": -4.410564422607422,
            "min": -4.410564422607422,
            "max": 53.60137939453125,
            "count": 2
        },
        "CarControl.Environment.EpisodeLength.mean": {
            "value": 495.15686274509807,
            "min": 495.15686274509807,
            "max": 986.8,
            "count": 2
        },
        "CarControl.Environment.EpisodeLength.sum": {
            "value": 50506.0,
            "min": 49340.0,
            "max": 50506.0,
            "count": 2
        },
        "CarControl.Environment.CumulativeReward.mean": {
            "value": 9.18551898876196,
            "min": -177.30855822494254,
            "max": 9.18551898876196,
            "count": 2
        },
        "CarControl.Environment.CumulativeReward.sum": {
            "value": 936.9229368537199,
            "min": -8865.427911247127,
            "max": 936.9229368537199,
            "count": 2
        },
        "CarControl.Policy.ExtrinsicReward.mean": {
            "value": 9.18551898876196,
            "min": -177.30855822494254,
            "max": 9.18551898876196,
            "count": 2
        },
        "CarControl.Policy.ExtrinsicReward.sum": {
            "value": 936.9229368537199,
            "min": -8865.427911247127,
            "max": 936.9229368537199,
            "count": 2
        },
        "CarControl.Policy.GailReward.mean": {
            "value": 0.0,
            "min": 0.0,
            "max": 0.0,
            "count": 2
        },
        "CarControl.Policy.GailReward.sum": {
            "value": 0.0,
            "min": 0.0,
            "max": 0.0,
            "count": 2
        },
        "CarControl.Losses.PolicyLoss.mean": {
            "value": 0.023021518902387468,
            "min": 0.023021518902387468,
            "max": 0.026245002361247317,
            "count": 2
        },
        "CarControl.Losses.PolicyLoss.sum": {
            "value": 0.11510759451193735,
            "min": 0.10498000944498927,
            "max": 0.11510759451193735,
            "count": 2
        },
        "CarControl.Losses.ValueLoss.mean": {
            "value": 0.2721095502128204,
            "min": 0.2721095502128204,
            "max": 13.381997460126879,
            "count": 2
        },
        "CarControl.Losses.ValueLoss.sum": {
            "value": 1.360547751064102,
            "min": 1.360547751064102,
            "max": 53.527989840507516,
            "count": 2
        },
        "CarControl.Policy.LearningRate.mean": {
            "value": 0.0025684668143844402,
            "min": 0.0025684668143844402,
            "max": 0.0028460355051321494,
            "count": 2
        },
        "CarControl.Policy.LearningRate.sum": {
            "value": 0.012842334071922201,
            "min": 0.011384142020528598,
            "max": 0.012842334071922201,
            "count": 2
        },
        "CarControl.Policy.Epsilon.mean": {
            "value": 0.18561556,
            "min": 0.18561556,
            "max": 0.19486784999999998,
            "count": 2
        },
        "CarControl.Policy.Epsilon.sum": {
            "value": 0.9280778000000001,
            "min": 0.7794713999999999,
            "max": 0.9280778000000001,
            "count": 2
        },
        "CarControl.Policy.Beta.mean": {
            "value": 0.004282216444,
            "min": 0.004282216444,
            "max": 0.004743905715,
            "count": 2
        },
        "CarControl.Policy.Beta.sum": {
            "value": 0.02141108222,
            "min": 0.01897562286,
            "max": 0.02141108222,
            "count": 2
        },
        "CarControl.Policy.GAILPolicyEstimate.mean": {
            "value": 0.4365868482987086,
            "min": 0.4365868482987086,
            "max": 0.4473077570398648,
            "count": 2
        },
        "CarControl.Policy.GAILPolicyEstimate.sum": {
            "value": 2.182934241493543,
            "min": 1.7892310281594592,
            "max": 2.182934241493543,
            "count": 2
        },
        "CarControl.Policy.GAILExpertEstimate.mean": {
            "value": 0.5564474842945735,
            "min": 0.5522532358765602,
            "max": 0.5564474842945735,
            "count": 2
        },
        "CarControl.Policy.GAILExpertEstimate.sum": {
            "value": 2.7822374214728676,
            "min": 2.2090129435062407,
            "max": 2.7822374214728676,
            "count": 2
        },
        "CarControl.Losses.GAILLoss.mean": {
            "value": 1.2722100925445559,
            "min": 1.2722100925445559,
            "max": 1.2795927286148072,
            "count": 2
        },
        "CarControl.Losses.GAILLoss.sum": {
            "value": 6.361050462722779,
            "min": 5.118370914459229,
            "max": 6.361050462722779,
            "count": 2
        },
        "CarControl.Policy.GAILGradMagLoss.mean": {
            "value": 0.3553384367624918,
            "min": 0.3553384367624918,
            "max": 4.851470529039701,
            "count": 2
        },
        "CarControl.Policy.GAILGradMagLoss.sum": {
            "value": 1.7766921838124592,
            "min": 1.7766921838124592,
            "max": 19.405882116158804,
            "count": 2
        },
        "CarControl.Losses.PretrainingLoss.mean": {
            "value": 0.36689077383942076,
            "min": 0.36689077383942076,
            "max": 0.6217729697624843,
            "count": 2
        },
        "CarControl.Losses.PretrainingLoss.sum": {
            "value": 1.8344538691971037,
            "min": 1.8344538691971037,
            "max": 2.4870918790499372,
            "count": 2
        },
        "CarControl.IsTraining.mean": {
            "value": 1.0,
            "min": 1.0,
            "max": 1.0,
            "count": 2
        },
        "CarControl.IsTraining.sum": {
            "value": 1.0,
            "min": 1.0,
            "max": 1.0,
            "count": 2
        }
    },
    "metadata": {
        "timer_format_version": "0.1.0",
        "start_time_seconds": "1765090328",
        "python_version": "3.9.0 (tags/v3.9.0:9cf6752, Oct  5 2020, 15:34:40) [MSC v.1927 64 bit (AMD64)]",
        "command_line_arguments": "G:\\Unity\\Projects\\Training\\venv\\Scripts\\mlagents-learn config/agent.yaml --run-id=E0 --force",
        "mlagents_version": "0.30.0",
        "mlagents_envs_version": "0.30.0",
        "communication_protocol_version": "1.5.0",
        "pytorch_version": "2.8.0+cpu",
        "numpy_version": "1.21.2",
        "end_time_seconds": "1765091944"
    },
    "total": 1616.6341859,