{
    "name": "root",
    "gauges": {
        "CarControl.Policy.Entropy.mean": {
            "value": 0.5378627181053162,
            "min": 0.5361374616622925,
            "max": 0.5378627181053162,
            "count": 2
        },
        "CarControl.Policy.Entropy.sum": {
            "value": 26921.10546875,
            "min": 26921.10546875,
            "max": 26963.42578125,
            "count": 2
        },
        "CarControl.Step.mean": {
            "value": 99960.0,
            "min": 49972.0,
            "max": 99960.0,
            "count": 2
        },
        "CarControl.Step.sum": {
            "value": 99960.0,
            "min": 49972.0,
            "max": 99960.0,
            "count": 2
        },
        "CarControl.Policy.ExtrinsicValueEstimate.mean": {
            "value": -4.643477439880371,
            "min": -7.932896614074707,
            "max": -4.643477439880371,
            "count": 2
        },
        "CarControl.Policy.ExtrinsicValueEstimate.sum": {
            "value": -5734.69482421875,
            "min": -9003.837890625,
            "max": -5734.69482421875,
            "count": 2
        },
        "CarControl.Policy.GailValueEstimate.mean": {
            "value": -0.013232020661234856,
            "min": -0.013232020661234856,
            "max": 0.010555876418948174,
            "count": 2
        },
        "CarControl.Policy.GailValueEstimate.sum": {
            "value": -16.34154510498047,
            "min": -16.34154510498047,
            "max": 11.98091983795166,
            "count": 2
        },
        "CarControl.Environment.EpisodeLength.mean": {
            "value": 79.52941176470588,
            "min": 79.52941176470588,
            "max": 99.65853658536585,
            "count": 2
        },
        "CarControl.Environment.EpisodeLength.sum": {
            "value": 48672.0,
            "min": 48672.0,
            "max": 49032.0,
            "count": 2
        },
        "CarControl.Environment.CumulativeReward.mean": {
            "value": -5.8485060640273305,
            "min": -10.09901261037181,
            "max": -5.8485060640273305,
            "count": 2
        },
        "CarControl.Environment.CumulativeReward.sum": {
            "value": -3579.285711184726,
            "min": -4968.714204302931,
            "max": -3579.285711184726,
            "count": 2
        },
        "CarControl.Policy.ExtrinsicReward.mean": {
            "value": -5.8485060640273305,
            "min": -10.09901261037181,
            "max": -5.8485060640273305,
            "count": 2
        },
        "CarControl.Policy.ExtrinsicReward.sum": {
            "value": -3579.285711184726,
            "min": -4968.714204302931,
            "max": -3579.285711184726,
            "count": 2
        },
        "CarControl.Policy.GailReward.mean": {
            "value": 0.0,
            "min": 0.0,
            "max": 0.0,
            "count": 2
        },
        "CarControl.Policy.GailReward.sum": {
            "value": 0.0,
            "min": 0.0,
            "max": 0.0,
            "count": 2
        },
        "CarControl.Losses.PolicyLoss.mean": {
            "value": 0.025734456415909036,
            "min": 0.022139651532052086,
            "max": 0.025734456415909036,
            "count": 2
        },
        "CarControl.Losses.PolicyLoss.sum": {
            "value": 0.12867228207954517,
            "min": 0.08855860612820834,
            "max": 0.12867228207954517,
            "count": 2
        },
        "CarControl.Losses.ValueLoss.mean": {
            "value": 6.2399436155955,
            "min": 6.2399436155955,
            "max": 11.866035274664561,
            "count": 2
        },
        "CarControl.Losses.ValueLoss.sum": {
            "value": 31.1997180779775,
            "min": 31.1997180779775,
            "max": 47.464141098658246,
            "count": 2
        },
        "CarControl.Policy.LearningRate.mean": {
            "value": 0.0025542480148584004,
            "min": 0.0025542480148584004,
            "max": 0.002838360005388,
            "count": 2
        },
        "CarControl.Policy.LearningRate.sum": {
            "value": 0.012771240074292001,
            "min": 0.011353440021552,
            "max": 0.012771240074292001,
            "count": 2
        },
        "CarControl.Policy.Epsilon.mean": {
            "value": 0.1851416,
            "min": 0.1851416,
            "max": 0.194612,
            "count": 2
        },
        "CarControl.Policy.Epsilon.sum": {
            "value": 0.925708,
            "min": 0.778448,
            "max": 0.925708,
            "count": 2
        },
        "CarControl.Policy.Beta.mean": {
            "value": 0.00425856584,
            "min": 0.00425856584,
            "max": 0.004731138800000001,
            "count": 2
        },
        "CarControl.Policy.Beta.sum": {
            "value": 0.0212928292,
            "min": 0.018924555200000005,
            "max": 0.0212928292,
            "count": 2
        },
        "CarControl.Policy.GAILPolicyEstimate.mean": {
            "value": 0.16631488353013993,
            "min": 0.16631488353013993,
            "max": 0.17684863147636254,
            "count": 2
        },
        "CarControl.Policy.GAILPolicyEstimate.sum": {
            "value": 0.8315744176506996,
            "min": 0.7073945259054502,
            "max": 0.8315744176506996,
            "count": 2
        },
        "CarControl.Policy.GAILExpertEstimate.mean": {
            "value": 0.8150315201282501,
            "min": 0.8150315201282501,
            "max": 0.8152534594138463,
            "count": 2
        },
        "CarControl.Policy.GAILExpertEstimate.sum": {
            "value": 4.07515760064125,
            "min": 3.261013837655385,
            "max": 4.07515760064125,
            "count": 2
        },
        "CarControl.Losses.GAILLoss.mean": {
            "value": 0.44295539319515226,
            "min": 0.44295539319515226,
            "max": 0.4589020003875096,
            "count": 2
        },
        "CarControl.Losses.GAILLoss.sum": {
            "value": 2.2147769659757612,
            "min": 1.8356080015500384,
            "max": 2.2147769659757612,
            "count": 2
        },
        "CarControl.Policy.GAILGradMagLoss.mean": {
            "value": 0.19055467198292414,
            "min": 0.19055467198292414,
            "max": 0.2311174222578605,
            "count": 2
        },
        "CarControl.Policy.GAILGradMagLoss.sum": {
            "value": 0.9527733599146208,
            "min": 0.924469689031442,
            "max": 0.9527733599146208,
            "count": 2
        },
        "CarControl.Losses.PretrainingLoss.mean": {
            "value": 0.19916625902766275,
            "min": 0.19916625902766275,
            "max": 0.2114726753816718,
            "count": 2
        },
        "CarControl.Losses.PretrainingLoss.sum": {
            "value": 0.9958312951383137,
            "min": 0.8458907015266872,
            "max": 0.9958312951383137,
            "count": 2
        },
        "CarControl.IsTraining.mean": {
            "value": 1.0,
            "min": 1.0,
            "max": 1.0,
            "count": 2
        },
        "CarControl.IsTraining.sum": {
            "value": 1.0,
            "min": 1.0,
            "max": 1.0,
            "count": 2
        }
    },
    "metadata": {
        "timer_format_version": "0.1.0",
        "start_time_seconds": "1765013993",
        "python_version": "3.9.0 (tags/v3.9.0:9cf6752, Oct  5 2020, 15:34:40) [MSC v.1927 64 bit (AMD64)]",
        "command_line_arguments": "G:\\Unity\\Projects\\Training\\venv\\Scripts\\mlagents-learn config/agent.yaml --force --run-id=Rot2 --initialize-from=Rot1",
        "mlagents_version": "0.30.0",
        "mlagents_envs_version": "0.30.0",
        "communication_protocol_version": "1.5.0",
        "pytorch_version": "2.8.0+cpu",
        "numpy_version": "1.21.2",
        "end_time_seconds": "1765014428"
    },
    "total": 435.4656554,