{
    "name": "root",
    "gauges": {
        "Movetogoal.Policy.Entropy.mean": {
            "value": 1.389979600906372,
            "min": 1.389979600906372,
            "max": 1.4095319509506226,
            "count": 2
        },
        "Movetogoal.Policy.Entropy.sum": {
            "value": 70688.8046875,
            "min": 70688.8046875,
            "max": 71167.265625,
            "count": 2
        },
        "Movetogoal.Environment.EpisodeLength.mean": {
            "value": 197.57438016528926,
            "min": 104.20682302771856,
            "max": 197.57438016528926,
            "count": 2
        },
        "Movetogoal.Environment.EpisodeLength.sum": {
            "value": 47813.0,
            "min": 47813.0,
            "max": 48873.0,
            "count": 2
        },
        "Movetogoal.Step.mean": {
            "value": 99957.0,
            "min": 49998.0,
            "max": 99957.0,
            "count": 2
        },
        "Movetogoal.Step.sum": {
            "value": 99957.0,
            "min": 49998.0,
            "max": 99957.0,
            "count": 2
        },
        "Movetogoal.Policy.ExtrinsicValueEstimate.mean": {
            "value": 1.6063575744628906,
            "min": 1.6063575744628906,
            "max": 2.3751935958862305,
            "count": 2
        },
        "Movetogoal.Policy.ExtrinsicValueEstimate.sum": {
            "value": 1599.93212890625,
            "min": 1599.93212890625,
            "max": 2605.58740234375,
            "count": 2
        },
        "Movetogoal.Environment.CumulativeReward.mean": {
            "value": -0.024193548387096774,
            "min": -0.6328293736501079,
            "max": -0.024193548387096774,
            "count": 2
        },
        "Movetogoal.Environment.CumulativeReward.sum": {
            "value": -6.0,
            "min": -293.0,
            "max": -6.0,
            "count": 2
        },
        "Movetogoal.Policy.ExtrinsicReward.mean": {
            "value": -0.024193548387096774,
            "min": -0.6328293736501079,
            "max": -0.024193548387096774,
            "count": 2
        },
        "Movetogoal.Policy.ExtrinsicReward.sum": {
            "value": -6.0,
            "min": -293.0,
            "max": -6.0,
            "count": 2
        },
        "Movetogoal.Losses.PolicyLoss.mean": {
            "value": 0.024336991161884116,
            "min": 0.024336991161884116,
            "max": 0.02482727216750694,
            "count": 2
        },
        "Movetogoal.Losses.PolicyLoss.sum": {
            "value": 0.12168495580942058,
            "min": 0.09930908867002776,
            "max": 0.12168495580942058,
            "count": 2
        },
        "Movetogoal.Losses.ValueLoss.mean": {
            "value": 0.02379102948276947,
            "min": 0.02379102948276947,
            "max": 0.3986514393705875,
            "count": 2
        },
        "Movetogoal.Losses.ValueLoss.sum": {
            "value": 0.11895514741384734,
            "min": 0.11895514741384734,
            "max": 1.59460575748235,
            "count": 2
        },
        "Movetogoal.Policy.LearningRate.mean": {
            "value": 0.00025662553445815993,
            "min": 0.00025662553445815993,
            "max": 0.0002845623051459,
            "count": 2
        },
        "Movetogoal.Policy.LearningRate.sum": {
            "value": 0.0012831276722907996,
            "min": 0.0011382492205836,
            "max": 0.0012831276722907996,
            "count": 2
        },
        "Movetogoal.Policy.Epsilon.mean": {
            "value": 0.18554184000000004,
            "min": 0.18554184000000004,
            "max": 0.19485410000000003,
            "count": 2
        },
        "Movetogoal.Policy.Epsilon.sum": {
            "value": 0.9277092000000002,
            "min": 0.7794164000000001,
            "max": 0.9277092000000002,
            "count": 2
        },
        "Movetogoal.Policy.Beta.mean": {
            "value": 0.004278537816,
            "min": 0.004278537816,
            "max": 0.00474321959,
            "count": 2
        },
        "Movetogoal.Policy.Beta.sum": {
            "value": 0.02139268908,
            "min": 0.01897287836,
            "max": 0.02139268908,
            "count": 2
        },
        "Movetogoal.IsTraining.mean": {
            "value": 1.0,
            "min": 1.0,
            "max": 1.0,
            "count": 2
        },
        "Movetogoal.IsTraining.sum": {
            "value": 1.0,
            "min": 1.0,
            "max": 1.0,
            "count": 2
        }
    },
    "metadata": {
        "timer_format_version": "0.1.0",
        "start_time_seconds": "1751121248",
        "python_version": "3.9.0 (tags/v3.9.0:9cf6752, Oct  5 2020, 15:34:40) [MSC v.1927 64 bit (AMD64)]",
        "command_line_arguments": "G:\\Unity\\Projects\\test 2\\venv\\Scripts\\mlagents-learn --run-id=Test7",
        "mlagents_version": "0.30.0",
        "mlagents_envs_version": "0.30.0",
        "communication_protocol_version": "1.5.0",
        "pytorch_version": "2.7.1+cpu",
        "numpy_version": "1.21.2",
        "end_time_seconds": "1751121415"
    },
    "total": 167.7122738,
    "count": 1,
    "self": 10.002771499999994,
    "children": {
        "run_training.setup": {
            "total": 0.011160300000000012,
            "count": 1,
            "self": 0.011160300000000012
        },
        "TrainerController.start_learning": {
            "total": 157.698342,
            "count": 1,
            "self": 0.10772649999964301,
            "children": {
                "TrainerController._reset_env": {
                    "total": 9.5207797,
                    "count": 1,
                    "self": 9.5207797
                },
                "TrainerController.advance": {
                    "total": 148.04172620000037,
                    "count": 11088,
                    "self": 0.10111150000034286,
                    "children": {
                        "env_step": {
                            "total": 136.49609600000076,
                            "count": 11088,
                            "self": 131.96207870000094,
                            "children": {
                                "SubprocessEnvManager._take_step": {
                                    "total": 4.462661899999434,
                                    "count": 11090,
                                    "self": 0.33992690000009596,
                                    "children": {
                                        "TorchPolicy.evaluate": {
                                            "total": 4.122734999999338,
                                            "count": 10746,
                                            "self": 4.122734999999338
                                        }
                                    }
                                },
                                "workers": {
                                    "total": 0.0713554000003711,
                                    "count": 11087,
                                    "self": 0.0,
                                    "children": {
                                        "worker_root": {
                                            "total": 89.36626419999983,
                                            "count": 11087,
                                            "is_parallel": true,
                                            "self": 23.131732500000226,
                                            "children": {
                                                "steps_from_proto": {
                                                    "total": 0.0006623999999977315,
                                                    "count": 3,
                                                    "is_parallel": true,
                                                    "self": 0.00019239999999420832,