{
    "name": "root",
    "gauges": {
        "CarControl.Policy.Entropy.mean": {
            "value": 0.632656991481781,
            "min": 0.6227906346321106,
            "max": 0.7052330374717712,
            "count": 10
        },
        "CarControl.Policy.Entropy.sum": {
            "value": 31582.23828125,
            "min": 31153.234375,
            "max": 35471.8125,
            "count": 10
        },
        "CarControl.Step.mean": {
            "value": 499941.0,
            "min": 49984.0,
            "max": 499941.0,
            "count": 10
        },
        "CarControl.Step.sum": {
            "value": 499941.0,
            "min": 49984.0,
            "max": 499941.0,
            "count": 10
        },
        "CarControl.Policy.ExtrinsicValueEstimate.mean": {
            "value": -40.650081634521484,
            "min": -42.95870590209961,
            "max": -38.750892639160156,
            "count": 10
        },
        "CarControl.Policy.ExtrinsicValueEstimate.sum": {
            "value": -32520.06640625,
            "min": -34281.046875,
            "max": -31078.216796875,
            "count": 10
        },
        "CarControl.Policy.GailValueEstimate.mean": {
            "value": 9.12423038482666,
            "min": 8.217666625976562,
            "max": 9.946414947509766,
            "count": 10
        },
        "CarControl.Policy.GailValueEstimate.sum": {
            "value": 7299.38427734375,
            "min": 6574.13330078125,
            "max": 7977.0244140625,
            "count": 10
        },
        "CarControl.Losses.PolicyLoss.mean": {
            "value": 0.022879591283077993,
            "min": 0.022064037135957427,
            "max": 0.02704595657686392,
            "count": 10
        },
        "CarControl.Losses.PolicyLoss.sum": {
            "value": 0.11439795641538997,
            "min": 0.09032308218690256,
            "max": 0.1352297828843196,
            "count": 10
        },
        "CarControl.Losses.ValueLoss.mean": {
            "value": 25.064860763549802,
            "min": 22.44817179044088,
            "max": 26.862470919291184,
            "count": 10
        },
        "CarControl.Losses.ValueLoss.sum": {
            "value": 125.32430381774901,
            "min": 89.79268716176352,
            "max": 134.31235459645592,
            "count": 10
        },
        "CarControl.Policy.LearningRate.mean": {
            "value": 1.600077466644e-05,
            "min": 1.600077466644e-05,
            "max": 0.0002843691052103,
            "count": 10
        },
        "CarControl.Policy.LearningRate.sum": {
            "value": 8.00038733322e-05,
            "min": 8.00038733322e-05,
            "max": 0.0012820944726351998,
            "count": 10
        },
        "CarControl.Policy.Epsilon.mean": {
            "value": 0.10533356,
            "min": 0.10533356,
            "max": 0.19478969999999998,
            "count": 10
        },
        "CarControl.Policy.Epsilon.sum": {
            "value": 0.5266678,
            "min": 0.5266678,
            "max": 0.9273648000000001,
            "count": 10
        },
        "CarControl.Policy.Beta.mean": {
            "value": 0.000276144644,
            "min": 0.000276144644,
            "max": 0.00474000603,
            "count": 10
        },
        "CarControl.Policy.Beta.sum": {
            "value": 0.00138072322,
            "min": 0.00138072322,
            "max": 0.021375503520000005,
            "count": 10
        },
        "CarControl.Policy.GAILPolicyEstimate.mean": {
            "value": 0.2008075702190399,
            "min": 0.17625302265087767,
            "max": 0.20680789371331532,
            "count": 10
        },
        "CarControl.Policy.GAILPolicyEstimate.sum": {
            "value": 1.0040378510951995,
            "min": 0.7156058033307393,
            "max": 1.0340394685665766,
            "count": 10
        },
        "CarControl.Policy.GAILExpertEstimate.mean": {
            "value": 0.8025958240032196,
            "min": 0.7927912175655365,
            "max": 0.8222299372156461,
            "count": 10
        },
        "CarControl.Policy.GAILExpertEstimate.sum": {
            "value": 4.012979120016098,
            "min": 3.250225164492925,
            "max": 4.100064321358999,
            "count": 10
        },
        "CarControl.Losses.GAILLoss.mean": {
            "value": 0.602827151020368,
            "min": 0.5378972552220026,
            "max": 0.627171801328659,
            "count": 10
        },
        "CarControl.Losses.GAILLoss.sum": {
            "value": 3.01413575510184,
            "min": 2.1734132478634516,
            "max": 3.135859006643295,
            "count": 10
        },
        "CarControl.Policy.GAILGradMagLoss.mean": {
            "value": 0.021091835405677557,
            "min": 0.020493574446688097,
            "max": 0.0253652047800521,
            "count": 10
        },
        "CarControl.Policy.GAILGradMagLoss.sum": {
            "value": 0.1054591770283878,
            "min": 0.08825136764595906,
            "max": 0.12682602390026051,
            "count": 10
        },
        "CarControl.Losses.PretrainingLoss.mean": {
            "value": 0.32042645653088886,
            "min": 0.32042645653088886,
            "max": 0.32453072882360884,
            "count": 10
        },
        "CarControl.Losses.PretrainingLoss.sum": {
            "value": 1.6021322826544444,
            "min": 1.287053249279658,
            "max": 1.6214182913303374,
            "count": 10
        },
        "CarControl.Environment.EpisodeLength.mean": {
            "value": 1940.6153846153845,
            "min": 1807.448275862069,
            "max": 1945.7692307692307,
            "count": 10
        },
        "CarControl.Environment.EpisodeLength.sum": {
            "value": 50456.0,
            "min": 45864.0,
            "max": 52416.0,
            "count": 10
        },
        "CarControl.Environment.CumulativeReward.mean": {
            "value": -746.2757772228035,
            "min": -816.2824649923982,
            "max": -672.1011423688253,
            "count": 10
        },
        "CarControl.Environment.CumulativeReward.sum": {
            "value": -19403.170207792893,
            "min": -21953.94310133159,
            "max": -17974.20429335721,
            "count": 10
        },
        "CarControl.Policy.ExtrinsicReward.mean": {
            "value": -746.2757772228035,
            "min": -816.2824649923982,
            "max": -672.1011423688253,
            "count": 10
        },
        "CarControl.Policy.ExtrinsicReward.sum": {
            "value": -19403.170207792893,
            "min": -21953.94310133159,
            "max": -17974.20429335721,
            "count": 10
        },
        "CarControl.Policy.GailReward.mean": {
            "value": 198.83454247956308,
            "min": 166.70107337775752,
            "max": 208.3584729280063,
            "count": 10
        },
        "CarControl.Policy.GailReward.sum": {
            "value": 5169.69810446864,
            "min": 4302.736601342214,
            "max": 5477.034450112551,
            "count": 10
        },
        "CarControl.IsTraining.mean": {
            "value": 1.0,
            "min": 1.0,
            "max": 1.0,
            "count": 10
        },
        "CarControl.IsTraining.sum": {
            "value": 1.0,
            "min": 1.0,
            "max": 1.0,
            "count": 10
        }
    },
    "metadata": {
        "timer_format_version": "0.1.0",
        "start_time_seconds": "1762102878",
        "python_version": "3.9.0 (tags/v3.9.0:9cf6752, Oct  5 2020, 15:34:40) [MSC v.1927 64 bit (AMD64)]",
        "command_line_arguments": "G:\\Unity\\Projects\\Training\\venv\\Scripts\\mlagents-learn config/agent.yaml --run-id=N9 --initialize-from=N8 --force",
        "mlagents_version": "0.30.0",
        "mlagents_envs_version": "0.30.0",
        "communication_protocol_version": "1.5.0",