{"count":1,"self":788.374784,"total":1108.0811380999999,"children":{"InitializeActuators":{"count":6,"self":0.00099969999999999985,"total":0.00099969999999999985,"children":null},"InitializeSensors":{"count":6,"self":0.0014999,"total":0.0014999,"children":null},"AgentSendState":{"count":83397,"self":16.1911472,"total":23.958744,"children":{"CollectObservations":{"count":500382,"self":1.715812,"total":1.7158118999999998,"children":null},"WriteActionMask":{"count":500382,"self":0.26216639999999997,"total":0.26216639999999997,"children":null},"RequestDecision":{"count":500382,"self":1.4067022999999999,"total":5.7896192,"children":{"AgentInfo.ToProto":{"count":500382,"self":0.7447484,"total":4.3829169,"children":{"GenerateSensorData":{"count":500382,"self":2.9758228,"total":3.6381685,"children":{"RayPerceptionSensor.Perceive":{"count":500382,"self":0.66234569999999993,"total":0.66234569999999993,"children":null}}}}}}}}},"DecideAction":{"count":83397,"self":293.872768,"total":293.8727646,"children":null},"AgentAct":{"count":83397,"self":1.869862,"total":1.8718679999999999,"children":{"AgentInfo.ToProto":{"count":198,"self":0,"total":0.0020058999999999997,"children":{"GenerateSensorData":{"count":198,"self":0.0015041,"total":0.0020058999999999997,"children":{"RayPerceptionSensor.Perceive":{"count":198,"self":0.00050179999999999995,"total":0.00050179999999999995,"children":null}}}}}}}},"gauges":{"CarControl.CumulativeReward":{"count":198,"max":14.0856733,"min":-2309.046,"runningAverage":-232.3438,"value":-193.576782,"weightedAverage":-220.446625}},"metadata":{"timer_format_version":"0.1.0","start_time_seconds":"1777397237","unity_version":"6000.4.1f1","command_line_arguments":"G:\\Editor\\6000.4.1f1\\Editor\\Unity.exe -projectpath G:\\Unity\\Projects\\Hybrid RL-IL -acceptSoftwareTermsForThisRunOnly -useHub -hubIPC -cloudEnvironment production","communication_protocol_version":"1.5.0","com.unity.ml-agents_version":"4.0.0","scene_name":"FinalRace","end_time_seconds":"1777398345"}}