{
    "name": "root",
    "gauges": {
        "CarControl.Policy.Entropy.mean": {
            "value": 0.6149227619171143,
            "min": 0.6072832942008972,
            "max": 0.6560035347938538,
            "count": 10
        },
        "CarControl.Policy.Entropy.sum": {
            "value": 30730.150390625,
            "min": 30548.779296875,
            "max": 32747.697265625,
            "count": 10
        },
        "CarControl.Step.mean": {
            "value": 499946.0,
            "min": 49984.0,
            "max": 499946.0,
            "count": 10
        },
        "CarControl.Step.sum": {
            "value": 499946.0,
            "min": 49984.0,
            "max": 499946.0,
            "count": 10
        },
        "CarControl.Policy.ExtrinsicValueEstimate.mean": {
            "value": -39.723724365234375,
            "min": -42.774513244628906,
            "max": -39.379520416259766,
            "count": 10
        },
        "CarControl.Policy.ExtrinsicValueEstimate.sum": {
            "value": -31739.255859375,
            "min": -34176.8359375,
            "max": -31464.23828125,
            "count": 10
        },
        "CarControl.Policy.GailValueEstimate.mean": {
            "value": 9.462169647216797,
            "min": 7.881343364715576,
            "max": 10.072491645812988,
            "count": 10
        },
        "CarControl.Policy.GailValueEstimate.sum": {
            "value": 7560.2734375,
            "min": 6297.193359375,
            "max": 8047.9208984375,
            "count": 10
        },
        "CarControl.Losses.PolicyLoss.mean": {
            "value": 0.022470188223912068,
            "min": 0.022262242472109697,
            "max": 0.0272891557480519,
            "count": 10
        },
        "CarControl.Losses.PolicyLoss.sum": {
            "value": 0.11235094111956034,
            "min": 0.09639533622345577,
            "max": 0.1364457787402595,
            "count": 10
        },
        "CarControl.Losses.ValueLoss.mean": {
            "value": 28.202165743509926,
            "min": 22.700100564956667,
            "max": 28.202165743509926,
            "count": 10
        },
        "CarControl.Losses.ValueLoss.sum": {
            "value": 141.01082871754963,
            "min": 90.80040225982667,
            "max": 141.01082871754963,
            "count": 10
        },
        "CarControl.Policy.LearningRate.mean": {
            "value": 1.5612094796000008e-05,
            "min": 1.5612094796000008e-05,
            "max": 0.00028436160521279997,
            "count": 10
        },
        "CarControl.Policy.LearningRate.sum": {
            "value": 7.806047398000003e-05,
            "min": 7.806047398000003e-05,
            "max": 0.0012807540730820001,
            "count": 10
        },
        "CarControl.Policy.Epsilon.mean": {
            "value": 0.105204,
            "min": 0.105204,
            "max": 0.19478719999999997,
            "count": 10
        },
        "CarControl.Policy.Epsilon.sum": {
            "value": 0.52602,
            "min": 0.52602,
            "max": 0.926918,
            "count": 10
        },
        "CarControl.Policy.Beta.mean": {
            "value": 0.0002696796000000002,
            "min": 0.0002696796000000002,
            "max": 0.00473988128,
            "count": 10
        },
        "CarControl.Policy.Beta.sum": {
            "value": 0.0013483980000000009,
            "min": 0.0013483980000000009,
            "max": 0.021353208199999998,
            "count": 10
        },
        "CarControl.Policy.GAILPolicyEstimate.mean": {
            "value": 0.20205541451772052,
            "min": 0.1683767763276895,
            "max": 0.20224635787308218,
            "count": 10
        },
        "CarControl.Policy.GAILPolicyEstimate.sum": {
            "value": 1.0102770725886026,
            "min": 0.673507105310758,
            "max": 1.0102770725886026,
            "count": 10
        },
        "CarControl.Policy.GAILExpertEstimate.mean": {
            "value": 0.799352658589681,
            "min": 0.799352658589681,
            "max": 0.8292741919557254,
            "count": 10
        },
        "CarControl.Policy.GAILExpertEstimate.sum": {
            "value": 3.9967632929484047,
            "min": 3.201543782154719,
            "max": 4.118871192137401,
            "count": 10
        },
        "CarControl.Losses.GAILLoss.mean": {
            "value": 0.6103853114446005,
            "min": 0.5059307364126047,
            "max": 0.6103853114446005,
            "count": 10
        },
        "CarControl.Losses.GAILLoss.sum": {
            "value": 3.0519265572230023,
            "min": 2.0237229456504187,
            "max": 3.0519265572230023,
            "count": 10
        },
        "CarControl.Policy.GAILGradMagLoss.mean": {
            "value": 0.020545397102832794,
            "min": 0.02047496552268664,
            "max": 0.026305778557434677,
            "count": 10
        },
        "CarControl.Policy.GAILGradMagLoss.sum": {
            "value": 0.10272698551416397,
            "min": 0.09069683371732633,
            "max": 0.1160541915955643,
            "count": 10
        },
        "CarControl.Losses.PretrainingLoss.mean": {
            "value": 0.3165827626652188,
            "min": 0.3165827626652188,
            "max": 0.3207709949877527,
            "count": 10
        },
        "CarControl.Losses.PretrainingLoss.sum": {
            "value": 1.5829138133260938,
            "min": 1.2719971670044794,
            "max": 1.6015754931502872,
            "count": 10
        },
        "CarControl.Environment.EpisodeLength.mean": {
            "value": 1830.6153846153845,
            "min": 1830.6153846153845,
            "max": 1999.0,
            "count": 10
        },
        "CarControl.Environment.EpisodeLength.sum": {
            "value": 47596.0,
            "min": 46787.0,
            "max": 52565.0,
            "count": 10
        },
        "CarControl.Environment.CumulativeReward.mean": {
            "value": -722.6073166855539,
            "min": -813.8036785526201,
            "max": -721.9789718821502,
            "count": 10
        },
        "CarControl.Environment.CumulativeReward.sum": {
            "value": -18787.790233824402,
            "min": -21699.59010375291,
            "max": -18334.5873075556,
            "count": 10
        },
        "CarControl.Policy.ExtrinsicReward.mean": {
            "value": -722.6073166855539,
            "min": -813.8036785526201,
            "max": -721.9789718821502,
            "count": 10
        },
        "CarControl.Policy.ExtrinsicReward.sum": {
            "value": -18787.790233824402,
            "min": -21699.59010375291,
            "max": -18334.5873075556,
            "count": 10
        },
        "CarControl.Policy.GailReward.mean": {
            "value": 186.1308329344633,
            "min": 168.52039004435937,
            "max": 200.42892822340275,
            "count": 10
        },
        "CarControl.Policy.GailReward.sum": {
            "value": 4839.401656296046,
            "min": 4044.489361064625,
            "max": 5319.269910957781,
            "count": 10
        },
        "CarControl.IsTraining.mean": {
            "value": 1.0,
            "min": 1.0,
            "max": 1.0,
            "count": 10
        },
        "CarControl.IsTraining.sum": {
            "value": 1.0,
            "min": 1.0,
            "max": 1.0,
            "count": 10
        }
    },
    "metadata": {
        "timer_format_version": "0.1.0",
        "start_time_seconds": "1762103334",
        "python_version": "3.9.0 (tags/v3.9.0:9cf6752, Oct  5 2020, 15:34:40) [MSC v.1927 64 bit (AMD64)]",
        "command_line_arguments": "G:\\Unity\\Projects\\Training\\venv\\Scripts\\mlagents-learn config/agent.yaml --run-id=N10 --initialize-from=N9 --force",
        "mlagents_version": "0.30.0",
        "mlagents_envs_version": "0.30.0",
        "communication_protocol_version": "1.5.0",