{
    "name": "root",
    "gauges": {
        "CarControl.Policy.Entropy.mean": {
            "value": 0.6880514025688171,
            "min": 0.6132490038871765,
            "max": 0.7152354717254639,
            "count": 10
        },
        "CarControl.Policy.Entropy.sum": {
            "value": 33819.1015625,
            "min": 30142.416015625,
            "max": 38620.46484375,
            "count": 10
        },
        "CarControl.Step.mean": {
            "value": 499958.0,
            "min": 49984.0,
            "max": 499958.0,
            "count": 10
        },
        "CarControl.Step.sum": {
            "value": 499958.0,
            "min": 49984.0,
            "max": 499958.0,
            "count": 10
        },
        "CarControl.Policy.ExtrinsicValueEstimate.mean": {
            "value": -9.767151832580566,
            "min": -10.752035140991211,
            "max": -5.420287132263184,
            "count": 10
        },
        "CarControl.Policy.ExtrinsicValueEstimate.sum": {
            "value": -7647.6796875,
            "min": -8408.091796875,
            "max": -4233.244140625,
            "count": 10
        },
        "CarControl.Policy.GailValueEstimate.mean": {
            "value": 23.958240509033203,
            "min": 23.702804565429688,
            "max": 47.91840362548828,
            "count": 10
        },
        "CarControl.Policy.GailValueEstimate.sum": {
            "value": 18759.302734375,
            "min": 18535.59375,
            "max": 37424.2734375,
            "count": 10
        },
        "CarControl.Losses.PolicyLoss.mean": {
            "value": 0.021673793629760796,
            "min": 0.020916147933652002,
            "max": 0.027131426604200974,
            "count": 10
        },
        "CarControl.Losses.PolicyLoss.sum": {
            "value": 0.08669517451904318,
            "min": 0.08366459173460801,
            "max": 0.1085257064168039,
            "count": 10
        },
        "CarControl.Losses.ValueLoss.mean": {
            "value": 24.297651779772053,
            "min": 18.470878230200874,
            "max": 54.622741685973274,
            "count": 10
        },
        "CarControl.Losses.ValueLoss.sum": {
            "value": 97.19060711908821,
            "min": 73.8835129208035,
            "max": 218.4909667438931,
            "count": 10
        },
        "CarControl.Policy.LearningRate.mean": {
            "value": 1.44534951822e-05,
            "min": 1.44534951822e-05,
            "max": 0.000281568006144,
            "count": 10
        },
        "CarControl.Policy.LearningRate.sum": {
            "value": 5.78139807288e-05,
            "min": 5.78139807288e-05,
            "max": 0.001126272024576,
            "count": 10
        },
        "CarControl.Policy.Epsilon.mean": {
            "value": 0.1048178,
            "min": 0.1048178,
            "max": 0.193856,
            "count": 10
        },
        "CarControl.Policy.Epsilon.sum": {
            "value": 0.4192712,
            "min": 0.4192712,
            "max": 0.775424,
            "count": 10
        },
        "CarControl.Policy.Beta.mean": {
            "value": 0.00025040822,
            "min": 0.00025040822,
            "max": 0.0046934144,
            "count": 10
        },
        "CarControl.Policy.Beta.sum": {
            "value": 0.00100163288,
            "min": 0.00100163288,
            "max": 0.0187736576,
            "count": 10
        },
        "CarControl.Policy.GAILPolicyEstimate.mean": {
            "value": 0.1524818900577498,
            "min": 0.13720329468035036,
            "max": 0.34247474775960046,
            "count": 10
        },
        "CarControl.Policy.GAILPolicyEstimate.sum": {
            "value": 0.6099275602309993,
            "min": 0.5488131787214015,
            "max": 1.3698989910384018,
            "count": 10
        },
        "CarControl.Policy.GAILExpertEstimate.mean": {
            "value": 0.8120661974329539,
            "min": 0.6637403410342004,
            "max": 0.8465527018739117,
            "count": 10
        },
        "CarControl.Policy.GAILExpertEstimate.sum": {
            "value": 3.2482647897318158,
            "min": 2.6549613641368017,
            "max": 3.386210807495647,
            "count": 10
        },
        "CarControl.Losses.GAILLoss.mean": {
            "value": 0.5042218024833034,
            "min": 0.44743156681458157,
            "max": 0.9788405415084627,
            "count": 10
        },
        "CarControl.Losses.GAILLoss.sum": {
            "value": 2.0168872099332136,
            "min": 1.7897262672583263,
            "max": 3.9153621660338507,
            "count": 10
        },
        "CarControl.Policy.GAILGradMagLoss.mean": {
            "value": 0.027908011180268734,
            "min": 0.017275554283211626,
            "max": 0.029947752656880766,
            "count": 10
        },
        "CarControl.Policy.GAILGradMagLoss.sum": {
            "value": 0.11163204472107494,
            "min": 0.0691022171328465,
            "max": 0.11979101062752306,
            "count": 10
        },
        "CarControl.Losses.PretrainingLoss.mean": {
            "value": 0.3634233380712214,
            "min": 0.3634233380712214,
            "max": 0.36885196946206544,
            "count": 10
        },
        "CarControl.Losses.PretrainingLoss.sum": {
            "value": 1.4536933522848856,
            "min": 1.4536933522848856,
            "max": 1.4754078778482618,
            "count": 10
        },
        "CarControl.IsTraining.mean": {
            "value": 1.0,
            "min": 1.0,
            "max": 1.0,
            "count": 10
        },
        "CarControl.IsTraining.sum": {
            "value": 1.0,
            "min": 1.0,
            "max": 1.0,
            "count": 10
        },
        "CarControl.Environment.EpisodeLength.mean": {
            "value": 1450.0,
            "min": 1053.0,
            "max": 1999.0,
            "count": 7
        },
        "CarControl.Environment.EpisodeLength.sum": {
            "value": 2900.0,
            "min": 1053.0,
            "max": 183908.0,
            "count": 7
        },
        "CarControl.Environment.CumulativeReward.mean": {
            "value": -88.2510003335774,
            "min": -154.53369351065433,
            "max": 26.0459942817688,
            "count": 7
        },
        "CarControl.Environment.CumulativeReward.sum": {
            "value": -176.5020006671548,
            "min": -14217.0998029802,
            "max": 26.0459942817688,
            "count": 7
        },
        "CarControl.Policy.ExtrinsicReward.mean": {
            "value": -88.2510003335774,
            "min": -154.53369351065433,
            "max": 26.0459942817688,
            "count": 7
        },
        "CarControl.Policy.ExtrinsicReward.sum": {
            "value": -176.5020006671548,
            "min": -14217.0998029802,
            "max": 26.0459942817688,
            "count": 7
        },
        "CarControl.Policy.GailReward.mean": {
            "value": 973.6862722039223,
            "min": 683.7962964479658,
            "max": 1224.7402651309967,
            "count": 7
        },
        "CarControl.Policy.GailReward.sum": {
            "value": 1947.3725444078445,
            "min": 1112.2109832763672,
            "max": 63364.58043376356,
            "count": 7
        }
    },
    "metadata": {
        "timer_format_version": "0.1.0",
        "start_time_seconds": "1761850930",
        "python_version": "3.9.0 (tags/v3.9.0:9cf6752, Oct  5 2020, 15:34:40) [MSC v.1927 64 bit (AMD64)]",
        "command_line_arguments": "G:\\Unity\\Projects\\Training\\venv\\Scripts\\mlagents-learn config/agent.yaml --run-id=IL9 --force --initialize-from=IL8",
        "mlagents_version": "0.30.0",
        "mlagents_envs_version": "0.30.0",
        "communication_protocol_version": "1.5.0",
        "pytorch_version": "2.8.0+cpu",
        "numpy_version": "1.21.2",
        "end_time_seconds": "1761851223"
    },