{
    "name": "root",
    "gauges": {
        "CarControl.Policy.Entropy.mean": {
            "value": 2.1137256622314453,
            "min": 2.088557720184326,
            "max": 2.1800644397735596,
            "count": 10
        },
        "CarControl.Policy.Entropy.sum": {
            "value": 106227.3984375,
            "min": 104361.0546875,
            "max": 110607.75,
            "count": 10
        },
        "CarControl.Step.mean": {
            "value": 499976.0,
            "min": 49968.0,
            "max": 499976.0,
            "count": 10
        },
        "CarControl.Step.sum": {
            "value": 499976.0,
            "min": 49968.0,
            "max": 499976.0,
            "count": 10
        },
        "CarControl.Policy.ExtrinsicValueEstimate.mean": {
            "value": -0.30030086636543274,
            "min": -6.804666519165039,
            "max": -0.05435425415635109,
            "count": 10
        },
        "CarControl.Policy.ExtrinsicValueEstimate.sum": {
            "value": -243.84429931640625,
            "min": -5389.2958984375,
            "max": -43.04856872558594,
            "count": 10
        },
        "CarControl.Policy.GailValueEstimate.mean": {
            "value": 0.0036807165015488863,
            "min": -0.005381387192755938,
            "max": 0.1927868276834488,
            "count": 10
        },
        "CarControl.Policy.GailValueEstimate.sum": {
            "value": 2.988741874694824,
            "min": -4.434263229370117,
            "max": 152.68716430664062,
            "count": 10
        },
        "CarControl.Losses.PolicyLoss.mean": {
            "value": 0.02318738386655847,
            "min": 0.022479321346618234,
            "max": 0.025969279640897486,
            "count": 10
        },
        "CarControl.Losses.PolicyLoss.sum": {
            "value": 0.11593691933279235,
            "min": 0.09046131528448315,
            "max": 0.1250509736632618,
            "count": 10
        },
        "CarControl.Losses.ValueLoss.mean": {
            "value": 0.07575384396749238,
            "min": 0.06367788432786863,
            "max": 6.907502547105153,
            "count": 10
        },
        "CarControl.Losses.ValueLoss.sum": {
            "value": 0.3787692198374619,
            "min": 0.2547115373114745,
            "max": 34.537512735525766,
            "count": 10
        },
        "CarControl.Policy.LearningRate.mean": {
            "value": 0.0005327680946723201,
            "min": 0.0005327680946723201,
            "max": 0.009461920005380799,
            "count": 10
        },
        "CarControl.Policy.LearningRate.sum": {
            "value": 0.0026638404733616006,
            "min": 0.0026638404733616006,
            "max": 0.04246400007536001,
            "count": 10
        },
        "CarControl.Policy.Epsilon.mean": {
            "value": 0.10532767999999999,
            "min": 0.10532767999999999,
            "max": 0.1946192,
            "count": 10
        },
        "CarControl.Policy.Epsilon.sum": {
            "value": 0.5266384,
            "min": 0.46016000000000007,
            "max": 0.9246399999999999,
            "count": 10
        },
        "CarControl.Policy.Beta.mean": {
            "value": 0.00027585123200000013,
            "min": 0.00027585123200000013,
            "max": 0.004731498080000001,
            "count": 10
        },
        "CarControl.Policy.Beta.sum": {
            "value": 0.0013792561600000006,
            "min": 0.0013792561600000006,
            "max": 0.021239536,
            "count": 10
        },
        "CarControl.Policy.GAILPolicyEstimate.mean": {
            "value": 0.055346574808160465,
            "min": 0.055346574808160465,
            "max": 0.2548016142100096,
            "count": 10
        },
        "CarControl.Policy.GAILPolicyEstimate.sum": {
            "value": 0.2767328740408023,
            "min": 0.2767328740408023,
            "max": 1.0192064568400383,
            "count": 10
        },
        "CarControl.Policy.GAILExpertEstimate.mean": {
            "value": 0.9039297572771708,
            "min": 0.7166609389086563,
            "max": 0.9039297572771708,
            "count": 10
        },
        "CarControl.Policy.GAILExpertEstimate.sum": {
            "value": 4.519648786385854,
            "min": 2.8666437556346254,
            "max": 4.519648786385854,
            "count": 10
        },
        "CarControl.Losses.GAILLoss.mean": {
            "value": 0.17459236532449723,
            "min": 0.17459236532449723,
            "max": 0.6907464394966761,
            "count": 10
        },
        "CarControl.Losses.GAILLoss.sum": {
            "value": 0.8729618266224861,
            "min": 0.8729618266224861,
            "max": 2.7629857579867045,
            "count": 10
        },
        "CarControl.Policy.GAILGradMagLoss.mean": {
            "value": 0.18120177313685415,
            "min": 0.17655641759435337,
            "max": 5.626051440835,
            "count": 10
        },
        "CarControl.Policy.GAILGradMagLoss.sum": {
            "value": 0.9060088656842707,
            "min": 0.7062256703774135,
            "max": 22.50420576334,
            "count": 10
        },
        "CarControl.Losses.PretrainingLoss.mean": {
            "value": 0.0,
            "min": 0.0,
            "max": 0.0,
            "count": 10
        },
        "CarControl.Losses.PretrainingLoss.sum": {
            "value": 0.0,
            "min": 0.0,
            "max": 0.0,
            "count": 10
        },
        "CarControl.Environment.EpisodeLength.mean": {
            "value": 1885.6666666666667,
            "min": 644.0,
            "max": 2499.0,
            "count": 10
        },
        "CarControl.Environment.EpisodeLength.sum": {
            "value": 67884.0,
            "min": 29988.0,
            "max": 67884.0,
            "count": 10
        },
        "CarControl.Environment.CumulativeReward.mean": {
            "value": -3.91504735506573,
            "min": -498.0485660752699,
            "max": -3.91504735506573,
            "count": 10
        },
        "CarControl.Environment.CumulativeReward.sum": {
            "value": -140.9417047823663,
            "min": -5976.582792903238,
            "max": -59.139453791372944,
            "count": 10
        },
        "CarControl.Policy.ExtrinsicReward.mean": {
            "value": -3.91504735506573,
            "min": -498.0485660752699,
            "max": -3.91504735506573,
            "count": 10
        },
        "CarControl.Policy.ExtrinsicReward.sum": {
            "value": -140.9417047823663,
            "min": -5976.582792903238,
            "max": -59.139453791372944,
            "count": 10
        },
        "CarControl.Policy.GailReward.mean": {
            "value": 0.0,
            "min": 0.0,
            "max": 0.0,
            "count": 10
        },
        "CarControl.Policy.GailReward.sum": {
            "value": 0.0,
            "min": 0.0,
            "max": 0.0,
            "count": 10
        },
        "CarControl.IsTraining.mean": {
            "value": 1.0,
            "min": 1.0,
            "max": 1.0,
            "count": 10
        },
        "CarControl.IsTraining.sum": {
            "value": 1.0,
            "min": 1.0,
            "max": 1.0,
            "count": 10
        }
    },
    "metadata": {
        "timer_format_version": "0.1.0",
        "start_time_seconds": "1764988480",
        "python_version": "3.9.0 (tags/v3.9.0:9cf6752, Oct  5 2020, 15:34:40) [MSC v.1927 64 bit (AMD64)]",
        "command_line_arguments": "G:\\Unity\\Projects\\Training\\venv\\Scripts\\mlagents-learn config/agent.yaml --force --run-id=Rot0",
        "mlagents_version": "0.30.0",
        "mlagents_envs_version": "0.30.0",
        "communication_protocol_version": "1.5.0",
        "pytorch_version": "2.8.0+cpu",
        "numpy_version": "1.21.2",
        "end_time_seconds": "1764990655"
    },
    "total": 2174.6821591,
    "count": 1,