{
    "name": "root",
    "gauges": {
        "CarControl.Policy.Entropy.mean": {
            "value": 1.2616068124771118,
            "min": 1.2616068124771118,
            "max": 2.145909309387207,
            "count": 10
        },
        "CarControl.Policy.Entropy.sum": {
            "value": 62966.796875,
            "min": 62966.796875,
            "max": 107295.46875,
            "count": 10
        },
        "CarControl.Step.mean": {
            "value": 499955.0,
            "min": 49984.0,
            "max": 499955.0,
            "count": 10
        },
        "CarControl.Step.sum": {
            "value": 499955.0,
            "min": 49984.0,
            "max": 499955.0,
            "count": 10
        },
        "CarControl.Policy.ExtrinsicValueEstimate.mean": {
            "value": -45.470951080322266,
            "min": -47.846458435058594,
            "max": -5.463988304138184,
            "count": 10
        },
        "CarControl.Policy.ExtrinsicValueEstimate.sum": {
            "value": -36285.8203125,
            "min": -38277.16796875,
            "max": -4365.7265625,
            "count": 10
        },
        "CarControl.Policy.GailValueEstimate.mean": {
            "value": 14.907541275024414,
            "min": 2.3452742099761963,
            "max": 15.85680866241455,
            "count": 10
        },
        "CarControl.Policy.GailValueEstimate.sum": {
            "value": 11896.2177734375,
            "min": 1873.8741455078125,
            "max": 12653.7333984375,
            "count": 10
        },
        "CarControl.Environment.EpisodeLength.mean": {
            "value": 1898.2692307692307,
            "min": 1882.2,
            "max": 1999.0,
            "count": 10
        },
        "CarControl.Environment.EpisodeLength.sum": {
            "value": 49355.0,
            "min": 47055.0,
            "max": 49975.0,
            "count": 10
        },
        "CarControl.Environment.CumulativeReward.mean": {
            "value": -856.0261166797808,
            "min": -1009.4659171117842,
            "max": -790.8247309295089,
            "count": 10
        },
        "CarControl.Environment.CumulativeReward.sum": {
            "value": -22256.6790336743,
            "min": -25236.647927794605,
            "max": -19770.61827323772,
            "count": 10
        },
        "CarControl.Policy.ExtrinsicReward.mean": {
            "value": -856.0261166797808,
            "min": -1009.4659171117842,
            "max": -790.8247309295089,
            "count": 10
        },
        "CarControl.Policy.ExtrinsicReward.sum": {
            "value": -22256.6790336743,
            "min": -25236.647927794605,
            "max": -19770.61827323772,
            "count": 10
        },
        "CarControl.Policy.GailReward.mean": {
            "value": 303.9242925964869,
            "min": 289.28054400682447,
            "max": 377.33139869819087,
            "count": 10
        },
        "CarControl.Policy.GailReward.sum": {
            "value": 7902.031607508659,
            "min": 7232.013600170612,
            "max": 9055.95356875658,
            "count": 10
        },
        "CarControl.Losses.PolicyLoss.mean": {
            "value": 0.02431732901527236,
            "min": 0.021997675887541847,
            "max": 0.025736425650150826,
            "count": 10
        },
        "CarControl.Losses.PolicyLoss.sum": {
            "value": 0.1215866450763618,
            "min": 0.08799070355016739,
            "max": 0.1285021337932752,
            "count": 10
        },
        "CarControl.Losses.ValueLoss.mean": {
            "value": 30.762819722493493,
            "min": 20.20224624633789,
            "max": 30.762819722493493,
            "count": 10
        },
        "CarControl.Losses.ValueLoss.sum": {
            "value": 153.81409861246746,
            "min": 101.01123123168945,
            "max": 153.81409861246746,
            "count": 10
        },
        "CarControl.Policy.LearningRate.mean": {
            "value": 1.5613774795439996e-05,
            "min": 1.5613774795439996e-05,
            "max": 0.00028452000515999994,
            "count": 10
        },
        "CarControl.Policy.LearningRate.sum": {
            "value": 7.806887397719998e-05,
            "min": 7.806887397719998e-05,
            "max": 0.00128328007224,
            "count": 10
        },
        "CarControl.Policy.Epsilon.mean": {
            "value": 0.10520456000000003,
            "min": 0.10520456000000003,
            "max": 0.19483999999999999,
            "count": 10
        },
        "CarControl.Policy.Epsilon.sum": {
            "value": 0.5260228000000001,
            "min": 0.5260228000000001,
            "max": 0.92776,
            "count": 10
        },
        "CarControl.Policy.Beta.mean": {
            "value": 0.00026970754399999994,
            "min": 0.00026970754399999994,
            "max": 0.0047425160000000004,
            "count": 10
        },
        "CarControl.Policy.Beta.sum": {
            "value": 0.0013485377199999996,
            "min": 0.0013485377199999996,
            "max": 0.021395224000000004,
            "count": 10
        },
        "CarControl.Policy.GAILPolicyEstimate.mean": {
            "value": 0.2637753798564275,
            "min": 0.2637753798564275,
            "max": 0.3498495429754257,
            "count": 10
        },
        "CarControl.Policy.GAILPolicyEstimate.sum": {
            "value": 1.3188768992821376,
            "min": 1.1827352811892826,
            "max": 1.4713188817103704,
            "count": 10
        },
        "CarControl.Policy.GAILExpertEstimate.mean": {
            "value": 0.719668306907018,
            "min": 0.6591636965672175,
            "max": 0.7489872141679128,
            "count": 10
        },
        "CarControl.Policy.GAILExpertEstimate.sum": {
            "value": 3.59834153453509,
            "min": 2.63665478626887,
            "max": 3.744936070839564,
            "count": 10
        },
        "CarControl.Losses.GAILLoss.mean": {
            "value": 0.7530930046240488,
            "min": 0.7146722610791524,
            "max": 0.9086055040359498,
            "count": 10
        },
        "CarControl.Losses.GAILLoss.sum": {
            "value": 3.7654650231202442,
            "min": 3.290337806940079,
            "max": 4.061245568593343,
            "count": 10
        },
        "CarControl.Policy.GAILGradMagLoss.mean": {
            "value": 0.04493113418420156,
            "min": 0.04493113418420156,
            "max": 4.924661003053188,
            "count": 10
        },
        "CarControl.Policy.GAILGradMagLoss.sum": {
            "value": 0.2246556709210078,
            "min": 0.2246556709210078,
            "max": 19.698644012212753,
            "count": 10
        },
        "CarControl.Losses.PretrainingLoss.mean": {
            "value": 0.3809577797518836,
            "min": 0.3809577797518836,
            "max": 0.6719326371947925,
            "count": 10
        },
        "CarControl.Losses.PretrainingLoss.sum": {
            "value": 1.904788898759418,
            "min": 1.559140920639038,
            "max": 2.68773054877917,
            "count": 10
        },
        "CarControl.IsTraining.mean": {
            "value": 1.0,
            "min": 1.0,
            "max": 1.0,
            "count": 10
        },
        "CarControl.IsTraining.sum": {
            "value": 1.0,
            "min": 1.0,
            "max": 1.0,
            "count": 10
        }
    },
    "metadata": {
        "timer_format_version": "0.1.0",
        "start_time_seconds": "1762093725",
        "python_version": "3.9.0 (tags/v3.9.0:9cf6752, Oct  5 2020, 15:34:40) [MSC v.1927 64 bit (AMD64)]",
        "command_line_arguments": "G:\\Unity\\Projects\\Training\\venv\\Scripts\\mlagents-learn config/agent.yaml --run-id=N1 --force",
        "mlagents_version": "0.30.0",
        "mlagents_envs_version": "0.30.0",
        "communication_protocol_version": "1.5.0",